project_name,developer,city,county,latitude,longitude,estimated_mw,stage,power_type,ercot_status,permit_status,latest_signal,source,source_url,last_updated
Plano Data Center: DFW8,DataBank,,Collin,33.1609629,-96.6060984,63.0,Operational,Unknown,Not checked,Not checked,Cleanview status: Operating,Cleanview,https://www.cleanview.co/data-centers/texas/1003/plano-data-center-dfw8,2026-08-08
NTT Dallas TX4,NTT,,Dallas,32.7620405,-96.7790069,50.0,Early Stage,Unknown,Not checked,Not checked,Cleanview status: Planned,Cleanview,https://www.cleanview.co/data-centers/texas/1029/ntt-dallas-tx4,2026-08-08
Skybox Austin Data Center 1,Skybox,,Travis,30.2878569,-97.7561392,30.0,Operational,Unknown,Not checked,Not checked,Cleanview status: Operating,Cleanview,https://www.cleanview.co/data-centers/texas/1048/skybox-austin-data-center-1,2026-08-08
Blueprint Projects: Taylor City,Blueprint Projects,,Williamson,30.6580927,-97.6041649,30.0,Early Stage,Unknown,Not checked,Not checked,Cleanview status: Planned,Cleanview,https://www.cleanview.co/data-centers/texas/1053/blueprint-projects-taylor-city,2026-08-08
SkyBox Houston 1,Skybox,,Harris,29.8119769,-95.3741247,26.0,Operational,Unknown,Not checked,Not checked,Cleanview status: Operating,Cleanview,https://www.cleanview.co/data-centers/texas/1063/skybox-houston-1,2026-08-08
TRG Houston Data Center,TRG,,Harris,29.8119769,-95.3741247,24.0,Operational,Unknown,Not checked,Not checked,Cleanview status: Operating,Cleanview,https://www.cleanview.co/data-centers/texas/1072/trg-houston-data-center,2026-08-08
Stack DFW01A,Stack Infrastructure,,Collin,33.1609629,-96.6060984,27.0,Operational,Unknown,Not checked,Not checked,Cleanview status: Operating,Cleanview,https://www.cleanview.co/data-centers/texas/1084/stack-dfw01a,2026-08-08
Core Scientific Austin,Core Scientific,,Travis,30.2878569,-97.7561392,20.0,Operational,Unknown,Not checked,Not checked,Cleanview status: Operating,Cleanview,https://www.cleanview.co/data-centers/texas/1089/core-scientific-austin,2026-08-08
Westway Park I Data Center: HOU 1,DataBank,,Harris,29.8119769,-95.3741247,25.0,Operational,Unknown,Not checked,Not checked,Cleanview status: Operating,Cleanview,https://www.cleanview.co/data-centers/texas/1116/westway-park-i-data-center-hou-1,2026-08-08
Plano Data Center: DFW3,DataBank,,Collin,33.1609629,-96.6060984,22.0,Operational,Unknown,Not checked,Not checked,Cleanview status: Operating,Cleanview,https://www.cleanview.co/data-centers/texas/1135/plano-data-center-dfw3,2026-08-08
Flexential Dallas - Plano,Flexential,,Collin,33.1609629,-96.6060984,25.0,Operational,Unknown,Not checked,Not checked,Cleanview status: Operating,Cleanview,https://www.cleanview.co/data-centers/texas/1143/flexential-dallas---plano,2026-08-08
Stack DFW01B,Stack Infrastructure,,Collin,33.1609629,-96.6060984,14.0,Operational,Unknown,Not checked,Not checked,Cleanview status: Operating,Cleanview,https://www.cleanview.co/data-centers/texas/1152/stack-dfw01b,2026-08-08
Aligned Dallas DFW01-02,Aligned,,Collin,33.1609629,-96.6060984,10.0,Operational,Unknown,Not checked,Not checked,Cleanview status: Operating,Cleanview,https://www.cleanview.co/data-centers/texas/1160/aligned-dallas-dfw01-02,2026-08-08
Westway Park II Data Center: HOU 2,DataBank,,Harris,29.8119769,-95.3741247,14.0,Operational,Unknown,Not checked,Not checked,Cleanview status: Operating,Cleanview,https://www.cleanview.co/data-centers/texas/1174/westway-park-ii-data-center-hou-2,2026-08-08
Stream Data Center: Houston I,Stream Data Centers,,Montgomery,30.301949,-95.5065944,8.0,Operational,Unknown,Not checked,Not checked,Cleanview status: Operating,Cleanview,https://www.cleanview.co/data-centers/texas/1186/stream-data-center-houston-i,2026-08-08
Stream Data Center: Austin I,Stream Data Centers,,Travis,30.2878569,-97.7561392,10.0,Operational,Unknown,Not checked,Not checked,Cleanview status: Operating,Cleanview,https://www.cleanview.co/data-centers/texas/1193/stream-data-center-austin-i,2026-08-08
Westway Park III Data Center: HOU 3,DataBank,,Harris,29.8119769,-95.3741247,8.0,Operational,Unknown,Not checked,Not checked,Cleanview status: Operating,Cleanview,https://www.cleanview.co/data-centers/texas/1214/westway-park-iii-data-center-hou-3,2026-08-08
Houston Galleria Data Center: HOU 5,DataBank,,Harris,29.8119769,-95.3741247,8.0,Operational,Unknown,Not checked,Not checked,Cleanview status: Operating,Cleanview,https://www.cleanview.co/data-centers/texas/1215/houston-galleria-data-center-hou-5,2026-08-08
Oppidan 5MW Data Center,Oppidan,,El Paso,31.8072184,-106.2230394,5.0,Early Stage,Unknown,Not checked,Not checked,Cleanview status: Planned,Cleanview,https://www.cleanview.co/data-centers/texas/1230/oppidan-5mw-data-center,2026-08-08
Tierpoint Dallas - Allen Data Center,Tierpoint,,Collin,33.1609629,-96.6060984,4.0,Operational,Unknown,Not checked,Not checked,Cleanview status: Operating,Cleanview,https://www.cleanview.co/data-centers/texas/1239/tierpoint-dallas---allen-data-center,2026-08-08
EdgeConneX HOU01,EdgeConneX,,Harris,29.8119769,-95.3741247,3.0,Operational,Unknown,Not checked,Not checked,Cleanview status: Operating,Cleanview,https://www.cleanview.co/data-centers/texas/1275/edgeconnex-hou01,2026-08-08
Austin Data Center: AUS1,DataBank,,Travis,30.2878569,-97.7561392,,Operational,Unknown,Not checked,Not checked,Cleanview status: Operating,Cleanview,https://www.cleanview.co/data-centers/texas/1328/austin-data-center-aus1,2026-08-08
Stream Data Center: DFW II,Stream Data Centers,,Dallas,32.7620405,-96.7790069,,Operational,Unknown,Not checked,Not checked,Cleanview status: Operating,Cleanview,https://www.cleanview.co/data-centers/texas/1336/stream-data-center-dfw-ii,2026-08-08
Stream Data Center: DFW I,Stream Data Centers,,Dallas,32.7620405,-96.7790069,,Operational,Unknown,Not checked,Not checked,Cleanview status: Operating,Cleanview,https://www.cleanview.co/data-centers/texas/1337/stream-data-center-dfw-i,2026-08-08
Stream Data Center: DFW III,Stream Data Centers,,Collin,33.1609629,-96.6060984,,Operational,Unknown,Not checked,Not checked,Cleanview status: Operating,Cleanview,https://www.cleanview.co/data-centers/texas/1338/stream-data-center-dfw-iii,2026-08-08
BBT Midland Data Center,BBT,,Midland,31.83688,-102.0103767,,Operational,Unknown,Not checked,Not checked,Cleanview status: Operating,Cleanview,https://www.cleanview.co/data-centers/texas/1353/bbt-midland-data-center,2026-08-08
Prime Data Centers: DFW01-02,Prime Data Centers,,Dallas,32.7620405,-96.7790069,,Operational,Unknown,Not checked,Not checked,Cleanview status: Operating,Cleanview,https://www.cleanview.co/data-centers/texas/1360/prime-data-centers-dfw01-02,2026-08-08
Stream Data Center: DFW IV,Stream Data Centers,,Dallas,32.7620405,-96.7790069,,Operational,Unknown,Not checked,Not checked,Cleanview status: Operating,Cleanview,https://www.cleanview.co/data-centers/texas/1363/stream-data-center-dfw-iv,2026-08-08
Cisco Allen Data Centter,Cisco,,Collin,33.1609629,-96.6060984,,Operational,Unknown,Not checked,Not checked,Cleanview status: Operating,Cleanview,https://www.cleanview.co/data-centers/texas/1364/cisco-allen-data-centter,2026-08-08
DFW II A,Compass Datacenters,,Collin,33.1609629,-96.6060984,,Operational,Unknown,Not checked,Not checked,Cleanview status: Operating,Cleanview,https://www.cleanview.co/data-centers/texas/1365/dfw-ii-a,2026-08-08
DFW DFW I-II,Compass Datacenters,,Collin,33.1609629,-96.6060984,,Operational,Unknown,Not checked,Not checked,Cleanview status: Operating,Cleanview,https://www.cleanview.co/data-centers/texas/1366/dfw-dfw-i-ii,2026-08-08
Disney Digital Data Center 3,Disney,,Montgomery,30.301949,-95.5065944,,Operational,Unknown,Not checked,Not checked,Cleanview status: Operating,Cleanview,https://www.cleanview.co/data-centers/texas/1372/disney-digital-data-center-3,2026-08-08
Data Center THM1A,,,Jones,32.7135946,-99.8606106,,Early Stage,Unknown,Not checked,Not checked,Cleanview status: Planned,Cleanview,https://www.cleanview.co/data-centers/texas/1558/data-center-thm1a,2026-08-08
Kroozin at SH-249,Altaf Makanojiya,,Harris,29.8119769,-95.3741247,,Early Stage,Unknown,Not checked,Not checked,Cleanview status: Planned,Cleanview,https://www.cleanview.co/data-centers/texas/1561/kroozin-at-sh-249,2026-08-08
EdgeConneX AUS02,EdgeConneX,,Bastrop,30.0541116,-97.3887764,134.0,Early Stage,Unknown,Not checked,Not checked,Cleanview status: Planned,Cleanview,https://www.cleanview.co/data-centers/texas/1562/edgeconnex-aus02,2026-08-08
University of Texas,University of Texas,,El Paso,31.8072184,-106.2230394,,Early Stage,Unknown,Not checked,Not checked,Cleanview status: Planned,Cleanview,https://www.cleanview.co/data-centers/texas/1581/university-of-texas,2026-08-08
EX West Green Data Center,Corporate Office Properties Trust,,Bexar,29.4263987,-98.5104781,,Early Stage,Unknown,Not checked,Not checked,Cleanview status: Planned,Cleanview,https://www.cleanview.co/data-centers/texas/1589/ex-west-green-data-center,2026-08-08
American Tower Data Center - Highway 90,American Tower,,Bexar,29.4263987,-98.5104781,,Early Stage,Unknown,Not checked,Not checked,Cleanview status: Planned,Cleanview,https://www.cleanview.co/data-centers/texas/1590/american-tower-data-center---highway-90-,2026-08-08
Highlander SM One Data Center,Highlander SM One,,Hays,30.0447901,-98.0393127,,Canceled,Unknown,Not checked,Not checked,Cleanview status: Canceled,Cleanview,https://www.cleanview.co/data-centers/texas/1591/highlander-sm-one-data-center,2026-08-08
Project Raptor,Colovore,,Travis,30.2878569,-97.7561392,,Early Stage,Unknown,Not checked,Not checked,Cleanview status: Planned,Cleanview,https://www.cleanview.co/data-centers/texas/1593/project-raptor,2026-08-08
Red Oak - Building 1,Google,,Ellis,32.3347829,-96.7920233,107.0,Operational,Unknown,Not checked,Not checked,Cleanview status: Operating,Cleanview,https://www.cleanview.co/data-centers/texas/1602/red-oak---building-1,2026-08-08
Danik Data Center,Mahesh Patel,,Dallas,32.7620405,-96.7790069,,Early Stage,Unknown,Not checked,Not checked,Cleanview status: Planned,Cleanview,https://www.cleanview.co/data-centers/texas/1603/danik-data-center,2026-08-08
DataBank Red Oak - DFW10,DataBank,,Ellis,32.3347829,-96.7920233,84.0,Operational,Unknown,Not checked,Not checked,Cleanview status: Operating,Cleanview,https://www.cleanview.co/data-centers/texas/1604/databank-red-oak---dfw10,2026-08-08
NTT Dallas TX3,NTT,,Dallas,32.7620405,-96.7790069,,Early Stage,Unknown,Not checked,Not checked,Cleanview status: Planned,Cleanview,https://www.cleanview.co/data-centers/texas/1605/ntt-dallas-tx3,2026-08-08
Prime Data Centers: DFW02-01,Prime Data Centers,,Dallas,32.7620405,-96.7790069,,Early Stage,Unknown,Not checked,Not checked,Cleanview status: Planned,Cleanview,https://www.cleanview.co/data-centers/texas/1606/prime-data-centers-dfw02-01,2026-08-08
Prime Data Centers: DFW02-02,Prime Data Centers,,Dallas,32.7620405,-96.7790069,,Early Stage,Unknown,Not checked,Not checked,Cleanview status: Planned,Cleanview,https://www.cleanview.co/data-centers/texas/1607/prime-data-centers-dfw02-02,2026-08-08
Prime Data Centers: DFW02-03,Prime Data Centers,,Dallas,32.7620405,-96.7790069,,Early Stage,Unknown,Not checked,Not checked,Cleanview status: Planned,Cleanview,https://www.cleanview.co/data-centers/texas/1608/prime-data-centers-dfw02-03,2026-08-08
Aligned DFW-04 North Star Road,Aligned,,Collin,33.1609629,-96.6060984,86.0,Early Stage,Unknown,Not checked,Not checked,Cleanview status: Planned,Cleanview,https://www.cleanview.co/data-centers/texas/1611/aligned-dfw-04-north-star-road,2026-08-08
Digital Commerce Park One,Cawley Partners,,Ellis,32.3347829,-96.7920233,,Early Stage,Unknown,Not checked,Not checked,Cleanview status: Planned,Cleanview,https://www.cleanview.co/data-centers/texas/1612/digital-commerce-park-one,2026-08-08
Willis Data Center,Comcast,,Montgomery,30.301949,-95.5065944,,Early Stage,Unknown,Not checked,Not checked,Cleanview status: Planned,Cleanview,https://www.cleanview.co/data-centers/texas/1617/willis-data-center,2026-08-08
